Price,Close,High,Low,Open,Volume
Ticker,VEU,VEU,VEU,VEU,VEU
Datetime,,,,,
2026-04-06 13:30:00+00:00,75.83000183105469,75.84500122070312,75.69000244140625,75.69000244140625,89751
2026-04-06 13:31:00+00:00,75.87000274658203,75.87999725341797,75.86000061035156,75.86000061035156,2440
2026-04-06 13:32:00+00:00,75.81999969482422,75.88999938964844,75.81999969482422,75.88999938964844,16131
2026-04-06 13:33:00+00:00,75.93000030517578,75.94499969482422,75.80999755859375,75.80999755859375,9957
2026-04-06 13:34:00+00:00,75.93000030517578,75.93000030517578,75.88500213623047,75.91999816894531,8127
2026-04-06 13:35:00+00:00,75.94999694824219,76.0,75.94000244140625,75.94999694824219,3745
2026-04-06 13:36:00+00:00,75.80999755859375,75.91999816894531,75.80000305175781,75.91500091552734,2290
2026-04-06 13:37:00+00:00,75.80999755859375,75.80999755859375,75.7699966430664,75.79000091552734,4994
2026-04-06 13:38:00+00:00,75.83000183105469,75.83999633789062,75.80999755859375,75.83999633789062,4594
2026-04-06 13:39:00+00:00,75.8499984741211,75.87000274658203,75.83999633789062,75.83999633789062,1346
2026-04-06 13:40:00+00:00,75.8550033569336,75.8550033569336,75.77999877929688,75.83999633789062,4806
2026-04-06 13:41:00+00:00,75.86000061035156,75.87000274658203,75.8550033569336,75.86000061035156,1566
2026-04-06 13:42:00+00:00,75.88500213623047,75.8949966430664,75.875,75.87989807128906,2315
2026-04-06 13:43:00+00:00,75.88999938964844,75.91000366210938,75.88999938964844,75.88999938964844,936
2026-04-06 13:44:00+00:00,75.8895034790039,75.91999816894531,75.8895034790039,75.9000015258789,2784
2026-04-06 13:45:00+00:00,75.96119689941406,75.97000122070312,75.9000015258789,75.9000015258789,8010
2026-04-06 13:46:00+00:00,75.96499633789062,76.01000213623047,75.94499969482422,75.94499969482422,3277
2026-04-06 13:47:00+00:00,75.93000030517578,75.94999694824219,75.92859649658203,75.94999694824219,1312
2026-04-06 13:48:00+00:00,75.8949966430664,75.92009735107422,75.8949966430664,75.92009735107422,956
2026-04-06 13:49:00+00:00,75.9000015258789,75.94000244140625,75.88999938964844,75.90010070800781,3410
2026-04-06 13:50:00+00:00,75.93659973144531,75.93659973144531,75.88999938964844,75.9000015258789,1200
2026-04-06 13:51:00+00:00,75.96499633789062,75.9800033569336,75.93009948730469,75.93009948730469,4343
2026-04-06 13:52:00+00:00,75.94999694824219,75.98249816894531,75.94999694824219,75.95500183105469,3401
2026-04-06 13:53:00+00:00,75.95999908447266,75.95999908447266,75.93499755859375,75.95500183105469,1384
2026-04-06 13:54:00+00:00,75.95999908447266,75.9749984741211,75.94999694824219,75.94999694824219,2981
2026-04-06 13:55:00+00:00,75.88999938964844,75.94999694824219,75.88999938964844,75.94999694824219,3134
2026-04-06 13:56:00+00:00,75.9000015258789,75.9000015258789,75.9000015258789,75.9000015258789,316
2026-04-06 13:57:00+00:00,75.94000244140625,75.96499633789062,75.94000244140625,75.95500183105469,2716
2026-04-06 13:58:00+00:00,75.93499755859375,75.93499755859375,75.92500305175781,75.93499755859375,1016
2026-04-06 13:59:00+00:00,75.9800033569336,75.9800033569336,75.94000244140625,75.94000244140625,5873
2026-04-06 14:00:00+00:00,76.0199966430664,76.12000274658203,75.91999816894531,75.9800033569336,13261
2026-04-06 14:01:00+00:00,75.94999694824219,76.0,75.94999694824219,76.0,1674
2026-04-06 14:02:00+00:00,75.91000366210938,75.9800033569336,75.91000366210938,75.94499969482422,5572
2026-04-06 14:03:00+00:00,75.8499984741211,75.91000366210938,75.8499984741211,75.91000366210938,4339
2026-04-06 14:04:00+00:00,75.7699966430664,75.86000061035156,75.7699966430664,75.83999633789062,3409
2026-04-06 14:05:00+00:00,75.72000122070312,75.79000091552734,75.72000122070312,75.75,4405
2026-04-06 14:06:00+00:00,75.7750015258789,75.7750015258789,75.7300033569336,75.73999786376953,4255
2026-04-06 14:07:00+00:00,75.76499938964844,75.78500366210938,75.76000213623047,75.77999877929688,2257
2026-04-06 14:08:00+00:00,75.75,75.75,75.73999786376953,75.75,1234
2026-04-06 14:09:00+00:00,75.80999755859375,75.80999755859375,75.7699966430664,75.77999877929688,5280
2026-04-06 14:10:00+00:00,75.73999786376953,75.81999969482422,75.73500061035156,75.81500244140625,5708
2026-04-06 14:11:00+00:00,75.80999755859375,75.81999969482422,75.7300033569336,75.7300033569336,4560
2026-04-06 14:12:00+00:00,75.78500366210938,75.80000305175781,75.78500366210938,75.80000305175781,1388
2026-04-06 14:13:00+00:00,75.80500030517578,75.80999755859375,75.80000305175781,75.80000305175781,841
2026-04-06 14:14:00+00:00,75.86499786376953,75.86499786376953,75.81999969482422,75.81999969482422,1214
2026-04-06 14:15:00+00:00,75.90499877929688,75.90499877929688,75.86000061035156,75.87000274658203,1411
2026-04-06 14:16:00+00:00,75.9000015258789,75.92500305175781,75.9000015258789,75.91999816894531,3088
2026-04-06 14:17:00+00:00,75.87999725341797,75.9000015258789,75.87999725341797,75.88999938964844,1270
2026-04-06 14:18:00+00:00,75.9000015258789,75.9000015258789,75.86000061035156,75.86000061035156,2471
2026-04-06 14:19:00+00:00,75.94010162353516,75.94999694824219,75.88500213623047,75.88500213623047,1824
2026-04-06 14:20:00+00:00,75.94999694824219,75.95999908447266,75.94000244140625,75.94999694824219,38779
2026-04-06 14:21:00+00:00,76.01429748535156,76.01499938964844,75.93000030517578,75.93000030517578,6628
2026-04-06 14:22:00+00:00,76.01000213623047,76.0199966430664,76.0,76.01000213623047,5641
2026-04-06 14:23:00+00:00,76.01000213623047,76.01000213623047,75.98999786376953,75.98999786376953,4553
2026-04-06 14:24:00+00:00,76.00499725341797,76.01000213623047,75.98999786376953,76.01000213623047,2459
2026-04-06 14:25:00+00:00,75.94999694824219,76.01000213623047,75.94999694824219,76.00499725341797,8743
2026-04-06 14:26:00+00:00,75.98999786376953,75.98999786376953,75.94999694824219,75.94999694824219,2909
2026-04-06 14:27:00+00:00,75.9800033569336,75.98500061035156,75.9749984741211,75.9749984741211,995
2026-04-06 14:28:00+00:00,75.9800033569336,75.9800033569336,75.94999694824219,75.96499633789062,964
2026-04-06 14:29:00+00:00,76.0,76.0,75.9800033569336,75.9800033569336,24625
2026-04-06 14:30:00+00:00,76.03500366210938,76.03500366210938,75.9800033569336,75.98999786376953,4148
2026-04-06 14:31:00+00:00,76.04499816894531,76.05500030517578,76.03500366210938,76.05000305175781,2095
2026-04-06 14:32:00+00:00,76.03500366210938,76.05999755859375,75.98999786376953,76.05999755859375,2119
2026-04-06 14:33:00+00:00,76.0,76.04000091552734,76.0,76.02999877929688,5276
2026-04-06 14:34:00+00:00,76.0199966430664,76.02999877929688,76.01499938964844,76.0199966430664,2906
2026-04-06 14:35:00+00:00,76.0199966430664,76.08000183105469,76.01499938964844,76.02557373046875,6493
2026-04-06 14:36:00+00:00,75.98999786376953,76.0199966430664,75.98999786376953,76.01000213623047,1633
2026-04-06 14:37:00+00:00,75.9800033569336,75.9800033569336,75.9749984741211,75.9800033569336,2498
2026-04-06 14:38:00+00:00,75.79000091552734,76.05000305175781,75.75499725341797,75.9800033569336,33673
2026-04-06 14:39:00+00:00,75.88999938964844,75.90499877929688,75.80000305175781,75.80000305175781,17976
2026-04-06 14:40:00+00:00,75.98999786376953,75.98999786376953,75.87999725341797,75.88999938964844,6090
2026-04-06 14:41:00+00:00,75.96499633789062,76.04000091552734,75.95999908447266,75.9800033569336,36097
2026-04-06 14:42:00+00:00,75.9749984741211,76.0,75.94999694824219,75.97000122070312,4871
2026-04-06 14:43:00+00:00,75.95500183105469,75.96499633789062,75.93000030517578,75.94499969482422,4770
2026-04-06 14:44:00+00:00,75.94999694824219,75.99500274658203,75.94999694824219,75.97989654541016,7847
2026-04-06 14:45:00+00:00,75.91500091552734,75.94509887695312,75.90499877929688,75.94000244140625,5505
2026-04-06 14:46:00+00:00,75.91500091552734,75.93000030517578,75.90499877929688,75.93000030517578,3793
2026-04-06 14:47:00+00:00,75.91999816894531,75.91999816894531,75.88999938964844,75.91000366210938,2838
2026-04-06 14:48:00+00:00,75.87010192871094,75.87010192871094,75.87010192871094,75.87010192871094,226
2026-04-06 14:49:00+00:00,75.84500122070312,75.87999725341797,75.84500122070312,75.87999725341797,2973
2026-04-06 14:50:00+00:00,75.86499786376953,75.88999938964844,75.86009979248047,75.87000274658203,2380
2026-04-06 14:51:00+00:00,75.86000061035156,75.8949966430664,75.83499908447266,75.87999725341797,7817
2026-04-06 14:52:00+00:00,75.88999938964844,75.91000366210938,75.87000274658203,75.87000274658203,4367
2026-04-06 14:53:00+00:00,75.87999725341797,75.9000015258789,75.875,75.9000015258789,2456
2026-04-06 14:54:00+00:00,75.82499694824219,75.87000274658203,75.81999969482422,75.87000274658203,1681
2026-04-06 14:55:00+00:00,75.80500030517578,75.83999633789062,75.80500030517578,75.83999633789062,1336
2026-04-06 14:56:00+00:00,75.86009979248047,75.87000274658203,75.83499908447266,75.8499984741211,3067
2026-04-06 14:57:00+00:00,75.87999725341797,75.91000366210938,75.87000274658203,75.87000274658203,881
2026-04-06 14:58:00+00:00,75.87010192871094,75.88999938964844,75.87010192871094,75.88839721679688,2060
2026-04-06 14:59:00+00:00,75.84989929199219,75.86000061035156,75.84989929199219,75.86000061035156,790
2026-04-06 15:00:00+00:00,75.8499984741211,75.85679626464844,75.83999633789062,75.84500122070312,2069
2026-04-06 15:01:00+00:00,75.87000274658203,75.87000274658203,75.8550033569336,75.86000061035156,1798
2026-04-06 15:02:00+00:00,75.83999633789062,75.83999633789062,75.83000183105469,75.83509826660156,2170
2026-04-06 15:03:00+00:00,75.79499816894531,75.83000183105469,75.79000091552734,75.83000183105469,2277
2026-04-06 15:04:00+00:00,75.8550033569336,75.8550033569336,75.80500030517578,75.80500030517578,949
2026-04-06 15:05:00+00:00,75.83999633789062,75.86499786376953,75.83000183105469,75.83000183105469,1796
2026-04-06 15:06:00+00:00,75.83499908447266,75.84500122070312,75.81999969482422,75.83999633789062,1245
2026-04-06 15:07:00+00:00,75.86499786376953,75.86499786376953,75.80999755859375,75.80999755859375,1093
2026-04-06 15:08:00+00:00,75.86000061035156,75.875,75.8499984741211,75.875,3596
2026-04-06 15:09:00+00:00,75.8550033569336,75.8550033569336,75.8322982788086,75.8550033569336,14945
2026-04-06 15:10:00+00:00,75.80000305175781,75.8550033569336,75.80000305175781,75.8499984741211,5728
2026-04-06 15:11:00+00:00,75.80000305175781,75.80999755859375,75.78500366210938,75.80000305175781,8911
2026-04-06 15:12:00+00:00,75.80000305175781,75.80000305175781,75.78500366210938,75.80000305175781,1757
2026-04-06 15:14:00+00:00,75.80509948730469,75.80509948730469,75.75,75.80000305175781,8101
2026-04-06 15:15:00+00:00,75.7699966430664,75.80000305175781,75.7699966430664,75.80000305175781,1185
2026-04-06 15:16:00+00:00,75.80000305175781,75.80500030517578,75.7699966430664,75.77999877929688,1567
2026-04-06 15:17:00+00:00,75.83499908447266,75.83499908447266,75.82820129394531,75.82820129394531,460
2026-04-06 15:18:00+00:00,75.83999633789062,75.85910034179688,75.83999633789062,75.83999633789062,1041
2026-04-06 15:19:00+00:00,75.80999755859375,75.82499694824219,75.80999755859375,75.82499694824219,230
2026-04-06 15:20:00+00:00,75.83000183105469,75.83999633789062,75.80999755859375,75.81999969482422,6193
2026-04-06 15:21:00+00:00,75.83000183105469,75.83000183105469,75.80999755859375,75.80999755859375,395
2026-04-06 15:22:00+00:00,75.8499984741211,75.86000061035156,75.8499984741211,75.86000061035156,378
2026-04-06 15:23:00+00:00,75.81999969482422,75.8499984741211,75.80999755859375,75.8499984741211,9874
2026-04-06 15:24:00+00:00,75.81500244140625,75.81500244140625,75.80000305175781,75.80999755859375,7256
2026-04-06 15:25:00+00:00,75.79000091552734,75.80999755859375,75.77999877929688,75.80999755859375,623
2026-04-06 15:26:00+00:00,75.80500030517578,75.80999755859375,75.80000305175781,75.80000305175781,2600
2026-04-06 15:27:00+00:00,75.83000183105469,75.83000183105469,75.80500030517578,75.80500030517578,2187
2026-04-06 15:28:00+00:00,75.80999755859375,75.82839965820312,75.79499816894531,75.82839965820312,1122
2026-04-06 15:29:00+00:00,75.81500244140625,75.83499908447266,75.81500244140625,75.81999969482422,2400
2026-04-06 15:30:00+00:00,75.81500244140625,75.81500244140625,75.80999755859375,75.80999755859375,401
2026-04-06 15:31:00+00:00,75.80500030517578,75.80999755859375,75.80000305175781,75.80999755859375,3872
2026-04-06 15:32:00+00:00,75.79000091552734,75.80999755859375,75.79000091552734,75.80500030517578,1522
2026-04-06 15:33:00+00:00,75.80000305175781,75.80000305175781,75.76000213623047,75.7699966430664,969
2026-04-06 15:34:00+00:00,75.80999755859375,75.82499694824219,75.80999755859375,75.80999755859375,1585
2026-04-06 15:35:00+00:00,75.83999633789062,75.84010314941406,75.81999969482422,75.81999969482422,1910
2026-04-06 15:36:00+00:00,75.79000091552734,75.83000183105469,75.79000091552734,75.83000183105469,1537
2026-04-06 15:37:00+00:00,75.7699966430664,75.77999877929688,75.75499725341797,75.77999877929688,1334
2026-04-06 15:38:00+00:00,75.80000305175781,75.81999969482422,75.79499816894531,75.80000305175781,1987
2026-04-06 15:39:00+00:00,75.8499984741211,75.8499984741211,75.8499984741211,75.8499984741211,194
2026-04-06 15:40:00+00:00,75.84500122070312,75.8511962890625,75.83000183105469,75.8511962890625,2369
2026-04-06 15:41:00+00:00,75.81999969482422,75.84989929199219,75.80000305175781,75.84989929199219,7119
2026-04-06 15:42:00+00:00,75.83159637451172,75.83499908447266,75.83159637451172,75.83499908447266,359
2026-04-06 15:43:00+00:00,75.8550033569336,75.87000274658203,75.8499984741211,75.8550033569336,3382
2026-04-06 15:44:00+00:00,75.87000274658203,75.87000274658203,75.84010314941406,75.84010314941406,3777
2026-04-06 15:45:00+00:00,75.8550033569336,75.86000061035156,75.83715057373047,75.86000061035156,5925
2026-04-06 15:46:00+00:00,75.88999938964844,75.88999938964844,75.86499786376953,75.87000274658203,666
2026-04-06 15:47:00+00:00,75.88500213623047,75.88500213623047,75.88500213623047,75.88500213623047,645
2026-04-06 15:48:00+00:00,75.91999816894531,75.92500305175781,75.91999816894531,75.92500305175781,1290
2026-04-06 15:49:00+00:00,75.90499877929688,75.91000366210938,75.90499877929688,75.91000366210938,276
2026-04-06 15:50:00+00:00,75.92990112304688,75.92990112304688,75.88999938964844,75.9000015258789,3051
2026-04-06 15:51:00+00:00,75.91999816894531,75.92684936523438,75.91999816894531,75.92500305175781,707
2026-04-06 15:52:00+00:00,75.97000122070312,75.97000122070312,75.93499755859375,75.94999694824219,1930
2026-04-06 15:53:00+00:00,75.9800033569336,75.9800033569336,75.9749984741211,75.9749984741211,964
2026-04-06 15:54:00+00:00,75.97000122070312,75.97000122070312,75.96499633789062,75.97000122070312,1372
2026-04-06 15:55:00+00:00,75.96499633789062,75.97000122070312,75.96499633789062,75.97000122070312,697
2026-04-06 15:56:00+00:00,75.94999694824219,75.96499633789062,75.94000244140625,75.96499633789062,29337
2026-04-06 15:57:00+00:00,75.95500183105469,75.95500183105469,75.94000244140625,75.94010162353516,2955
2026-04-06 15:58:00+00:00,75.94999694824219,75.95999908447266,75.94999694824219,75.95999908447266,2280
2026-04-06 15:59:00+00:00,75.96499633789062,75.96499633789062,75.96499633789062,75.96499633789062,507
2026-04-06 16:00:00+00:00,75.97989654541016,75.98999786376953,75.97989654541016,75.97989654541016,1634
2026-04-06 16:01:00+00:00,75.9800033569336,75.9800033569336,75.9749984741211,75.9800033569336,810
2026-04-06 16:02:00+00:00,75.94999694824219,75.94999694824219,75.94509887695312,75.94999694824219,739
2026-04-06 16:03:00+00:00,75.97000122070312,75.97000122070312,75.95999908447266,75.95999908447266,652
2026-04-06 16:04:00+00:00,75.96499633789062,75.9800033569336,75.96499633789062,75.9800033569336,264
2026-04-06 16:05:00+00:00,75.96499633789062,75.97000122070312,75.95010375976562,75.95999908447266,1064
2026-04-06 16:06:00+00:00,75.9749984741211,75.9800033569336,75.9749984741211,75.9800033569336,581
2026-04-06 16:07:00+00:00,75.95999908447266,75.97000122070312,75.95999908447266,75.97000122070312,848
2026-04-06 16:08:00+00:00,75.92440032958984,75.95999908447266,75.92440032958984,75.95999908447266,1353
2026-04-06 16:09:00+00:00,75.91500091552734,75.93000030517578,75.91500091552734,75.93000030517578,2337
2026-04-06 16:10:00+00:00,75.93000030517578,75.93000030517578,75.91999816894531,75.91999816894531,642
2026-04-06 16:11:00+00:00,75.96499633789062,75.96499633789062,75.93990325927734,75.94000244140625,1244
2026-04-06 16:12:00+00:00,75.96499633789062,75.97000122070312,75.95999908447266,75.97000122070312,753
2026-04-06 16:13:00+00:00,75.97000122070312,75.97000122070312,75.97000122070312,75.97000122070312,322
2026-04-06 16:14:00+00:00,75.9800033569336,75.9800033569336,75.95500183105469,75.95500183105469,2076
2026-04-06 16:15:00+00:00,75.98500061035156,75.98999786376953,75.98500061035156,75.98500061035156,4032
2026-04-06 16:16:00+00:00,75.9657974243164,75.97000122070312,75.95999908447266,75.96499633789062,15038
2026-04-06 16:17:00+00:00,75.97000122070312,75.98400115966797,75.97000122070312,75.98400115966797,3120
2026-04-06 16:18:00+00:00,75.96499633789062,75.96499633789062,75.94999694824219,75.94999694824219,388
2026-04-06 16:19:00+00:00,75.95999908447266,75.95999908447266,75.94999694824219,75.94999694824219,1074
2026-04-06 16:20:00+00:00,75.94499969482422,75.95999908447266,75.93000030517578,75.94999694824219,1469
2026-04-06 16:21:00+00:00,75.9657974243164,75.9657974243164,75.95500183105469,75.95999908447266,561
2026-04-06 16:22:00+00:00,75.94499969482422,75.94999694824219,75.94000244140625,75.94999694824219,560
2026-04-06 16:23:00+00:00,75.91899871826172,75.91899871826172,75.90989685058594,75.91000366210938,1902
2026-04-06 16:24:00+00:00,75.94989776611328,75.94999694824219,75.93499755859375,75.93499755859375,2547
2026-04-06 16:25:00+00:00,75.95999908447266,75.96499633789062,75.94999694824219,75.94999694824219,5915
2026-04-06 16:26:00+00:00,75.96009826660156,75.9800033569336,75.96009826660156,75.9800033569336,1869
2026-04-06 16:27:00+00:00,75.96990203857422,75.96990203857422,75.94999694824219,75.95999908447266,2710
2026-04-06 16:28:00+00:00,75.9749984741211,75.9749984741211,75.95999908447266,75.97000122070312,1673
2026-04-06 16:29:00+00:00,75.97000122070312,75.9800033569336,75.97000122070312,75.97969818115234,2388
2026-04-06 16:30:00+00:00,75.94000244140625,75.97000122070312,75.94000244140625,75.97000122070312,2258
2026-04-06 16:31:00+00:00,75.94999694824219,75.94999694824219,75.93990325927734,75.94999694824219,3477
2026-04-06 16:32:00+00:00,75.98650360107422,75.98650360107422,75.96499633789062,75.97000122070312,2448
2026-04-06 16:33:00+00:00,75.97000122070312,75.98989868164062,75.97000122070312,75.98989868164062,11397
2026-04-06 16:34:00+00:00,75.99500274658203,75.99656677246094,75.97000122070312,75.97000122070312,2247
2026-04-06 16:35:00+00:00,76.00499725341797,76.00499725341797,76.0,76.0,3005
2026-04-06 16:36:00+00:00,76.01000213623047,76.01499938964844,76.0,76.01499938964844,6379
2026-04-06 16:37:00+00:00,76.05500030517578,76.05500030517578,76.01499938964844,76.01499938964844,5550
2026-04-06 16:38:00+00:00,76.06999969482422,76.08499908447266,76.05500030517578,76.05500030517578,15235
2026-04-06 16:39:00+00:00,76.04499816894531,76.05999755859375,76.03500366210938,76.05999755859375,5639
2026-04-06 16:40:00+00:00,76.04000091552734,76.04000091552734,76.0199966430664,76.04000091552734,3595
2026-04-06 16:41:00+00:00,76.08000183105469,76.08000183105469,76.05500030517578,76.05500030517578,3216
2026-04-06 16:42:00+00:00,76.08000183105469,76.08999633789062,76.08000183105469,76.08999633789062,3878
2026-04-06 16:43:00+00:00,76.08000183105469,76.08999633789062,76.06999969482422,76.08999633789062,4643
2026-04-06 16:44:00+00:00,76.08000183105469,76.08499908447266,76.08000183105469,76.08000183105469,3877
2026-04-06 16:45:00+00:00,76.05500030517578,76.07499694824219,76.05500030517578,76.07499694824219,3395
2026-04-06 16:46:00+00:00,76.05000305175781,76.05000305175781,76.03500366210938,76.05000305175781,2058
2026-04-06 16:47:00+00:00,76.05000305175781,76.05999755859375,76.05000305175781,76.05500030517578,1379
2026-04-06 16:48:00+00:00,76.05500030517578,76.05999755859375,76.05000305175781,76.05999755859375,708
2026-04-06 16:49:00+00:00,76.05000305175781,76.05500030517578,76.05000305175781,76.05000305175781,1042
2026-04-06 16:50:00+00:00,76.05999755859375,76.06999969482422,76.05000305175781,76.06500244140625,2735
2026-04-06 16:51:00+00:00,76.04979705810547,76.05000305175781,76.04000091552734,76.05000305175781,2892
2026-04-06 16:52:00+00:00,76.04000091552734,76.04499816894531,76.04000091552734,76.04499816894531,817
2026-04-06 16:53:00+00:00,76.04000091552734,76.05010223388672,76.04000091552734,76.05010223388672,1959
2026-04-06 16:54:00+00:00,76.02999877929688,76.04000091552734,75.98999786376953,76.04000091552734,12255
2026-04-06 16:55:00+00:00,75.98999786376953,76.0199966430664,75.9800033569336,76.0199966430664,2585
2026-04-06 16:56:00+00:00,75.94999694824219,75.98999786376953,75.94999694824219,75.98999786376953,4021
2026-04-06 16:57:00+00:00,75.97000122070312,75.9800033569336,75.95999908447266,75.95999908447266,909
2026-04-06 16:58:00+00:00,75.9800033569336,75.98500061035156,75.97509765625,75.97509765625,929
2026-04-06 16:59:00+00:00,75.98999786376953,75.9999008178711,75.9800033569336,75.9800033569336,342
2026-04-06 17:00:00+00:00,75.94000244140625,76.0,75.94000244140625,76.0,1079
2026-04-06 17:01:00+00:00,75.91000366210938,75.94000244140625,75.91000366210938,75.94000244140625,3559
2026-04-06 17:02:00+00:00,75.87000274658203,75.90499877929688,75.87000274658203,75.9000015258789,2660
2026-04-06 17:03:00+00:00,75.875,75.875,75.8499984741211,75.86000061035156,594
2026-04-06 17:04:00+00:00,75.91999816894531,75.91999816894531,75.88999938964844,75.88999938964844,794
2026-04-06 17:05:00+00:00,75.9000015258789,75.91000366210938,75.9000015258789,75.91000366210938,1349
2026-04-06 17:06:00+00:00,75.87999725341797,75.89510345458984,75.87999725341797,75.88999938964844,958
2026-04-06 17:07:00+00:00,75.88999938964844,75.88999938964844,75.88999938964844,75.88999938964844,173
2026-04-06 17:08:00+00:00,75.9000015258789,75.90010070800781,75.9000015258789,75.9000015258789,808
2026-04-06 17:09:00+00:00,75.87999725341797,75.90969848632812,75.87999725341797,75.9000015258789,2587
2026-04-06 17:10:00+00:00,75.83000183105469,75.87999725341797,75.81999969482422,75.87000274658203,4605
2026-04-06 17:11:00+00:00,75.83170318603516,75.8499984741211,75.83000183105469,75.8499984741211,2218
2026-04-06 17:12:00+00:00,75.73999786376953,75.84010314941406,75.73999786376953,75.84010314941406,4435
2026-04-06 17:13:00+00:00,75.70999908447266,75.7699966430664,75.69999694824219,75.7699966430664,3853
2026-04-06 17:14:00+00:00,75.75,75.76000213623047,75.69999694824219,75.70999908447266,6299
2026-04-06 17:15:00+00:00,75.72000122070312,75.77999877929688,75.69499969482422,75.75,1963
2026-04-06 17:16:00+00:00,75.72720336914062,75.72720336914062,75.716796875,75.716796875,7365
2026-04-06 17:17:00+00:00,75.76000213623047,75.77999877929688,75.76000213623047,75.76000213623047,1049
2026-04-06 17:18:00+00:00,75.74500274658203,75.74500274658203,75.72000122070312,75.7300033569336,2601
2026-04-06 17:19:00+00:00,75.79000091552734,75.80000305175781,75.74500274658203,75.74500274658203,3352
2026-04-06 17:20:00+00:00,75.73999786376953,75.77999877929688,75.73999786376953,75.77999877929688,2314
2026-04-06 17:21:00+00:00,75.77999877929688,75.77999877929688,75.7300033569336,75.7300033569336,600
2026-04-06 17:22:00+00:00,75.83000183105469,75.83000183105469,75.83000183105469,75.83000183105469,894
2026-04-06 17:23:00+00:00,75.87999725341797,75.87999725341797,75.83000183105469,75.83000183105469,803
2026-04-06 17:24:00+00:00,75.8949966430664,75.8949966430664,75.87999725341797,75.88999938964844,1196
2026-04-06 17:25:00+00:00,75.9000015258789,75.91000366210938,75.9000015258789,75.91000366210938,4124
2026-04-06 17:26:00+00:00,75.88999938964844,75.9000015258789,75.88500213623047,75.9000015258789,1505
2026-04-06 17:27:00+00:00,75.91010284423828,75.93000030517578,75.88500213623047,75.88500213623047,3104
2026-04-06 17:28:00+00:00,75.93000030517578,75.93000030517578,75.91500091552734,75.91500091552734,3367
2026-04-06 17:29:00+00:00,75.93000030517578,75.94999694824219,75.93000030517578,75.94000244140625,1286
2026-04-06 17:30:00+00:00,75.91000366210938,75.93990325927734,75.91000366210938,75.93990325927734,622
2026-04-06 17:31:00+00:00,75.94499969482422,75.94499969482422,75.90899658203125,75.90899658203125,1461
2026-04-06 17:32:00+00:00,75.97000122070312,75.97029876708984,75.96499633789062,75.96499633789062,1855
2026-04-06 17:33:00+00:00,75.94000244140625,75.94010162353516,75.94000244140625,75.94010162353516,749
2026-04-06 17:34:00+00:00,75.96499633789062,76.04499816894531,75.94999694824219,75.94999694824219,23347
2026-04-06 17:35:00+00:00,75.97000122070312,75.97000122070312,75.94999694824219,75.95999908447266,2947
2026-04-06 17:36:00+00:00,75.9800033569336,75.9800033569336,75.9800033569336,75.9800033569336,557
2026-04-06 17:37:00+00:00,75.97000122070312,75.99500274658203,75.97000122070312,75.99500274658203,2345
2026-04-06 17:38:00+00:00,75.94999694824219,75.94999694824219,75.94000244140625,75.94000244140625,1233
2026-04-06 17:39:00+00:00,75.9490966796875,75.95999908447266,75.93499755859375,75.95999908447266,2198
2026-04-06 17:40:00+00:00,75.94000244140625,75.94010162353516,75.939697265625,75.94010162353516,2333
2026-04-06 17:41:00+00:00,75.91999816894531,75.91999816894531,75.91999816894531,75.91999816894531,339
2026-04-06 17:42:00+00:00,75.90499877929688,75.90499877929688,75.9000015258789,75.9000015258789,3307
2026-04-06 17:43:00+00:00,75.90499877929688,75.90499877929688,75.87999725341797,75.88990020751953,1515
2026-04-06 17:44:00+00:00,75.91999816894531,75.91999816894531,75.88999938964844,75.90499877929688,11826
2026-04-06 17:45:00+00:00,75.89009857177734,75.91999816894531,75.88999938964844,75.91999816894531,5670
2026-04-06 17:46:00+00:00,75.87999725341797,75.90499877929688,75.875,75.90499877929688,1481
2026-04-06 17:47:00+00:00,75.87000274658203,75.87999725341797,75.87000274658203,75.87850189208984,1819
2026-04-06 17:48:00+00:00,75.86000061035156,75.87000274658203,75.86000061035156,75.86509704589844,992
2026-04-06 17:49:00+00:00,75.87999725341797,75.88999938964844,75.87000274658203,75.87000274658203,1314
2026-04-06 17:50:00+00:00,75.87000274658203,75.87999725341797,75.87000274658203,75.87999725341797,556
2026-04-06 17:51:00+00:00,75.87999725341797,75.88500213623047,75.87000274658203,75.87000274658203,2609
2026-04-06 17:52:00+00:00,75.88999938964844,75.88999938964844,75.87999725341797,75.87999725341797,639
2026-04-06 17:53:00+00:00,75.86000061035156,75.87999725341797,75.86000061035156,75.87999725341797,645
2026-04-06 17:54:00+00:00,75.86000061035156,75.87000274658203,75.8499984741211,75.87000274658203,853
2026-04-06 17:55:00+00:00,75.8949966430664,75.9000015258789,75.87999725341797,75.87999725341797,754
2026-04-06 17:56:00+00:00,75.87999725341797,75.87999725341797,75.87000274658203,75.87999725341797,3085
2026-04-06 17:57:00+00:00,75.86840057373047,75.875,75.86840057373047,75.875,679
2026-04-06 17:58:00+00:00,75.86000061035156,75.86000061035156,75.84500122070312,75.8499984741211,1171
2026-04-06 17:59:00+00:00,75.86000061035156,75.87000274658203,75.8550033569336,75.8550033569336,32364
2026-04-06 18:00:00+00:00,75.83999633789062,75.84010314941406,75.82990264892578,75.83999633789062,7985
2026-04-06 18:01:00+00:00,75.84989929199219,75.84989929199219,75.83499908447266,75.83999633789062,3007
2026-04-06 18:02:00+00:00,75.84500122070312,75.8499984741211,75.84500122070312,75.8499984741211,586
2026-04-06 18:03:00+00:00,75.84400177001953,75.86000061035156,75.84400177001953,75.86000061035156,1375
2026-04-06 18:04:00+00:00,75.83999633789062,75.87000274658203,75.83000183105469,75.8499984741211,4363
2026-04-06 18:05:00+00:00,75.87999725341797,75.87999725341797,75.84500122070312,75.84500122070312,4178
2026-04-06 18:06:00+00:00,75.87000274658203,75.87000274658203,75.86499786376953,75.87000274658203,4285
2026-04-06 18:07:00+00:00,75.87999725341797,75.88999938964844,75.87999725341797,75.88990020751953,710
2026-04-06 18:08:00+00:00,75.87999725341797,75.88500213623047,75.87169647216797,75.87999725341797,3168
2026-04-06 18:09:00+00:00,75.91000366210938,75.91999816894531,75.88710021972656,75.88999938964844,2298
2026-04-06 18:10:00+00:00,76.0,76.01000213623047,75.94000244140625,75.94000244140625,4084
2026-04-06 18:11:00+00:00,76.04000091552734,76.08000183105469,75.98999786376953,75.98999786376953,2440
2026-04-06 18:12:00+00:00,76.01000213623047,76.02999877929688,76.01000213623047,76.02999877929688,600
2026-04-06 18:13:00+00:00,76.04000091552734,76.04000091552734,76.00499725341797,76.0322036743164,3167
2026-04-06 18:14:00+00:00,76.01499938964844,76.0199966430664,75.9800033569336,76.0199966430664,6882
2026-04-06 18:15:00+00:00,76.04000091552734,76.04000091552734,76.01499938964844,76.0199966430664,1982
2026-04-06 18:16:00+00:00,76.03500366210938,76.03500366210938,76.02999877929688,76.03500366210938,778
2026-04-06 18:17:00+00:00,76.05000305175781,76.05000305175781,76.04000091552734,76.04000091552734,2469
2026-04-06 18:18:00+00:00,76.06999969482422,76.06999969482422,76.05500030517578,76.05500030517578,1936
2026-04-06 18:19:00+00:00,76.08499908447266,76.08499908447266,76.08000183105469,76.08499908447266,1363
2026-04-06 18:20:00+00:00,76.08000183105469,76.08999633789062,76.07099914550781,76.08999633789062,981
2026-04-06 18:21:00+00:00,76.08000183105469,76.08000183105469,76.06500244140625,76.06500244140625,1675
2026-04-06 18:22:00+00:00,76.08999633789062,76.08999633789062,76.08000183105469,76.08000183105469,1446
2026-04-06 18:23:00+00:00,76.11000061035156,76.11000061035156,76.08999633789062,76.09500122070312,9041
2026-04-06 18:24:00+00:00,76.12000274658203,76.13999938964844,76.11000061035156,76.11000061035156,1958
2026-04-06 18:25:00+00:00,76.08000183105469,76.09500122070312,76.07499694824219,76.09500122070312,3163
2026-04-06 18:26:00+00:00,76.05999755859375,76.08999633789062,76.05999755859375,76.08999633789062,6524
2026-04-06 18:27:00+00:00,76.12000274658203,76.13500213623047,76.08000183105469,76.08000183105469,4365
2026-04-06 18:28:00+00:00,76.11000061035156,76.13500213623047,76.0999984741211,76.13500213623047,14810
2026-04-06 18:29:00+00:00,76.08999633789062,76.1050033569336,76.08999633789062,76.0999984741211,4276
2026-04-06 18:30:00+00:00,76.12000274658203,76.13500213623047,76.09500122070312,76.09500122070312,4110
2026-04-06 18:31:00+00:00,76.09500122070312,76.11000061035156,76.09500122070312,76.11000061035156,5795
2026-04-06 18:32:00+00:00,76.06500244140625,76.08999633789062,76.04499816894531,76.08999633789062,3845
2026-04-06 18:33:00+00:00,76.05000305175781,76.07499694824219,76.05000305175781,76.06990051269531,2590
2026-04-06 18:34:00+00:00,76.03500366210938,76.04000091552734,76.0199966430664,76.03990173339844,17055
2026-04-06 18:35:00+00:00,76.07499694824219,76.07499694824219,76.05000305175781,76.05000305175781,947
2026-04-06 18:36:00+00:00,76.05000305175781,76.05500030517578,76.04499816894531,76.05500030517578,2895
2026-04-06 18:37:00+00:00,76.05000305175781,76.05000305175781,76.03500366210938,76.04000091552734,1738
2026-04-06 18:38:00+00:00,76.04499816894531,76.05000305175781,76.04499816894531,76.05000305175781,2109
2026-04-06 18:39:00+00:00,76.01000213623047,76.04350280761719,76.01000213623047,76.04350280761719,3074
2026-04-06 18:40:00+00:00,75.98500061035156,76.01000213623047,75.98500061035156,76.00499725341797,2743
2026-04-06 18:41:00+00:00,76.01000213623047,76.01000213623047,75.9800033569336,75.98500061035156,6583
2026-04-06 18:42:00+00:00,76.01000213623047,76.01499938964844,76.01000213623047,76.01000213623047,1112
2026-04-06 18:43:00+00:00,76.00499725341797,76.01000213623047,76.0,76.01000213623047,1613
2026-04-06 18:44:00+00:00,76.00499725341797,76.00499725341797,75.99500274658203,76.00499725341797,2748
2026-04-06 18:45:00+00:00,76.0199966430664,76.04000091552734,76.0,76.0,2824
2026-04-06 18:46:00+00:00,76.00900268554688,76.0250015258789,76.0,76.0250015258789,1209
2026-04-06 18:47:00+00:00,76.01499938964844,76.01499938964844,76.00990295410156,76.01000213623047,2902
2026-04-06 18:48:00+00:00,76.0199966430664,76.0199966430664,76.0,76.01000213623047,729
2026-04-06 18:49:00+00:00,76.02999877929688,76.02999877929688,76.0250015258789,76.02899932861328,3798
2026-04-06 18:50:00+00:00,76.0250015258789,76.03500366210938,76.0250015258789,76.02999877929688,2748
2026-04-06 18:51:00+00:00,76.02999877929688,76.03510284423828,76.02999877929688,76.02999877929688,1349
2026-04-06 18:52:00+00:00,76.02999877929688,76.03510284423828,76.0250015258789,76.0250015258789,1108
2026-04-06 18:53:00+00:00,76.04000091552734,76.04000091552734,76.02999877929688,76.04000091552734,1270
2026-04-06 18:54:00+00:00,76.03140258789062,76.04000091552734,76.02999877929688,76.04000091552734,1659
2026-04-06 18:55:00+00:00,76.02899932861328,76.02999877929688,76.0199966430664,76.0250015258789,3711
2026-04-06 18:56:00+00:00,76.03500366210938,76.03500366210938,76.0199966430664,76.0199966430664,1760
2026-04-06 18:57:00+00:00,76.04499816894531,76.0469970703125,76.04000091552734,76.04000091552734,1641
2026-04-06 18:58:00+00:00,76.05000305175781,76.05000305175781,76.02999877929688,76.02999877929688,3393
2026-04-06 18:59:00+00:00,76.04000091552734,76.05000305175781,76.04000091552734,76.05000305175781,1268
2026-04-06 19:00:00+00:00,76.02999877929688,76.05999755859375,76.02999877929688,76.05500030517578,15565
2026-04-06 19:01:00+00:00,76.0199966430664,76.02999877929688,76.0199966430664,76.0250015258789,6636
2026-04-06 19:02:00+00:00,76.01499938964844,76.0199966430664,76.00499725341797,76.0199966430664,1151
2026-04-06 19:03:00+00:00,76.01499938964844,76.01499938964844,76.0,76.00499725341797,2446
2026-04-06 19:04:00+00:00,76.0250015258789,76.0250015258789,76.01499938964844,76.01499938964844,1489
2026-04-06 19:05:00+00:00,76.02989959716797,76.04000091552734,76.02989959716797,76.02999877929688,6917
2026-04-06 19:06:00+00:00,76.01499938964844,76.02999877929688,76.01499938964844,76.0250015258789,1999
2026-04-06 19:07:00+00:00,76.0,76.01000213623047,76.0,76.01000213623047,31740
2026-04-06 19:08:00+00:00,75.9749984741211,75.98999786376953,75.9749984741211,75.98999786376953,1183
2026-04-06 19:09:00+00:00,75.9800033569336,75.9800033569336,75.97450256347656,75.97660064697266,3067
2026-04-06 19:10:00+00:00,75.9800033569336,75.9800033569336,75.97000122070312,75.97000122070312,2039
2026-04-06 19:11:00+00:00,75.9749984741211,75.97640228271484,75.96499633789062,75.97640228271484,2369
2026-04-06 19:12:00+00:00,75.97000122070312,75.97709655761719,75.96499633789062,75.97709655761719,2192
2026-04-06 19:13:00+00:00,75.9749984741211,75.98999786376953,75.9749984741211,75.9749984741211,7647
2026-04-06 19:14:00+00:00,75.9749984741211,75.9800033569336,75.96499633789062,75.9749984741211,6190
2026-04-06 19:15:00+00:00,75.9800033569336,75.98500061035156,75.9800033569336,75.9800033569336,2932
2026-04-06 19:16:00+00:00,75.9800033569336,75.99500274658203,75.9800033569336,75.98500061035156,2875
2026-04-06 19:17:00+00:00,75.97000122070312,75.97000122070312,75.96499633789062,75.97000122070312,1669
2026-04-06 19:18:00+00:00,75.95999908447266,75.95999908447266,75.94499969482422,75.95999908447266,6103
2026-04-06 19:19:00+00:00,75.96499633789062,75.97000122070312,75.95999908447266,75.96820068359375,5054
2026-04-06 19:20:00+00:00,75.96499633789062,75.96499633789062,75.95999908447266,75.96499633789062,3496
2026-04-06 19:21:00+00:00,75.97989654541016,75.9800033569336,75.96499633789062,75.97000122070312,1832
2026-04-06 19:22:00+00:00,75.95500183105469,75.97000122070312,75.95500183105469,75.97000122070312,3502
2026-04-06 19:23:00+00:00,75.95999908447266,75.95999908447266,75.94499969482422,75.94999694824219,565
2026-04-06 19:24:00+00:00,75.94200134277344,75.95500183105469,75.94000244140625,75.95500183105469,1369
2026-04-06 19:25:00+00:00,75.96499633789062,75.96499633789062,75.94999694824219,75.94999694824219,718
2026-04-06 19:26:00+00:00,75.94999694824219,75.95999908447266,75.94999694824219,75.95999908447266,27355
2026-04-06 19:27:00+00:00,75.94000244140625,75.94499969482422,75.94000244140625,75.94499969482422,1854
2026-04-06 19:28:00+00:00,75.94000244140625,75.94000244140625,75.92500305175781,75.93499755859375,2222
2026-04-06 19:29:00+00:00,75.94000244140625,75.94319915771484,75.93499755859375,75.93499755859375,1230
2026-04-06 19:30:00+00:00,75.96009826660156,75.96499633789062,75.93499755859375,75.94000244140625,2802
2026-04-06 19:31:00+00:00,75.94499969482422,75.94999694824219,75.94499969482422,75.94999694824219,1335
2026-04-06 19:32:00+00:00,75.95010375976562,75.95010375976562,75.94499969482422,75.94499969482422,1420
2026-04-06 19:33:00+00:00,75.98999786376953,75.98999786376953,75.96499633789062,75.97000122070312,1609
2026-04-06 19:34:00+00:00,75.9800033569336,75.98999786376953,75.9800033569336,75.98999786376953,890
2026-04-06 19:35:00+00:00,75.98500061035156,75.98989868164062,75.9800033569336,75.98500061035156,4550
2026-04-06 19:36:00+00:00,75.98999786376953,76.0,75.9800033569336,75.9800033569336,1116
2026-04-06 19:37:00+00:00,75.98500061035156,75.98570251464844,75.9801025390625,75.98500061035156,1842
2026-04-06 19:38:00+00:00,75.97989654541016,75.98500061035156,75.96499633789062,75.9749984741211,8698
2026-04-06 19:39:00+00:00,75.96499633789062,75.9800033569336,75.96499633789062,75.9800033569336,2278
2026-04-06 19:40:00+00:00,75.96499633789062,75.97000122070312,75.95999908447266,75.96009826660156,7230
2026-04-06 19:41:00+00:00,75.94000244140625,75.96240234375,75.94000244140625,75.96240234375,4060
2026-04-06 19:42:00+00:00,75.94999694824219,75.94999694824219,75.93499755859375,75.94000244140625,4605
2026-04-06 19:43:00+00:00,75.96990203857422,75.96990203857422,75.96499633789062,75.96499633789062,755
2026-04-06 19:44:00+00:00,76.0,76.0,75.9749984741211,75.9800033569336,2260
2026-04-06 19:45:00+00:00,76.02839660644531,76.02839660644531,76.0,76.0,1760
2026-04-06 19:46:00+00:00,76.0250015258789,76.0250015258789,76.0199966430664,76.0250015258789,692
2026-04-06 19:47:00+00:00,76.00509643554688,76.01499938964844,76.0,76.01499938964844,3672
2026-04-06 19:48:00+00:00,76.03990173339844,76.03990173339844,76.00499725341797,76.00509643554688,6780
2026-04-06 19:49:00+00:00,76.04499816894531,76.04499816894531,76.04010009765625,76.04010009765625,2030
2026-04-06 19:50:00+00:00,76.04499816894531,76.05999755859375,76.04000091552734,76.05999755859375,1804
2026-04-06 19:51:00+00:00,76.04499816894531,76.04989624023438,76.03009796142578,76.04989624023438,4665
2026-04-06 19:52:00+00:00,76.01000213623047,76.03500366210938,76.01000213623047,76.03500366210938,15208
2026-04-06 19:53:00+00:00,76.0199966430664,76.02999877929688,76.01499938964844,76.01499938964844,3112
2026-04-06 19:54:00+00:00,75.99500274658203,76.0199966430664,75.99500274658203,76.0199966430664,6794
2026-04-06 19:55:00+00:00,75.9800033569336,75.9896011352539,75.9749984741211,75.9800033569336,4244
2026-04-06 19:56:00+00:00,75.95999908447266,75.9800033569336,75.95999908447266,75.97000122070312,4738
2026-04-06 19:57:00+00:00,75.97989654541016,75.97989654541016,75.95999908447266,75.95999908447266,7207
2026-04-06 19:58:00+00:00,75.98999786376953,75.98999786376953,75.97000122070312,75.97000122070312,15166
2026-04-06 19:59:00+00:00,75.99500274658203,76.0,75.97000122070312,75.98999786376953,23659
